{"stats":{"minecraft:used":{"minecraft:light_blue_carpet":1,"minecraft:glass":32,"minecraft:water_bucket":3,"minecraft:sea_lantern":29,"minecraft:lava_bucket":3,"minecraft:flint_and_steel":1,"minecraft:orange_concrete":1,"minecraft:snow_block":1,"minecraft:lime_carpet":1,"minecraft:map":29,"minecraft:smooth_sandstone":2,"minecraft:cartography_table":1,"minecraft:quartz_block":179,"minecraft:chest":5,"minecraft:magenta_concrete":5,"minecraft:quartz_stairs":37,"minecraft:item_frame":53,"minecraft:smooth_quartz_stairs":12,"minecraft:netherrack":6,"minecraft:bedrock":13,"minecraft:cobblestone":2,"minecraft:red_carpet":1,"minecraft:lime_concrete":1,"minecraft:orange_carpet":1,"minecraft:anvil":3,"minecraft:light_blue_concrete":1,"minecraft:white_carpet":2,"minecraft:written_book":75,"minecraft:tnt":1,"minecraft:prismarine_bricks":4,"minecraft:light_blue_wool":1,"minecraft:yellow_concrete":1,"minecraft:glass_pane":23,"minecraft:lapis_block":2,"minecraft:gold_block":34,"minecraft:yellow_carpet":1,"minecraft:white_concrete":5,"minecraft:pink_carpet":1,"minecraft:magenta_carpet":1},"minecraft:picked_up":{"minecraft:stick":1,"minecraft:orange_carpet":1,"minecraft:magenta_carpet":1,"minecraft:pink_carpet":1,"minecraft:filled_map":1,"minecraft:white_carpet":1,"minecraft:red_carpet":1,"minecraft:lime_carpet":1,"minecraft:yellow_carpet":1,"minecraft:light_blue_carpet":1},"minecraft:custom":{"minecraft:time_since_rest":518528,"minecraft:sprint_one_cm":154961,"minecraft:walk_one_cm":193427,"minecraft:drop":21,"minecraft:interact_with_cartography_table":8,"minecraft:fly_one_cm":8199208,"minecraft:open_chest":6,"minecraft:crouch_one_cm":4879,"minecraft:play_one_minute":518528,"minecraft:sneak_time":7792,"minecraft:walk_under_water_one_cm":3419,"minecraft:jump":1630,"minecraft:leave_game":72,"minecraft:walk_on_water_one_cm":1462,"minecraft:time_since_death":518528},"minecraft:dropped":{"minecraft:filled_map":8,"minecraft:magenta_carpet":1,"minecraft:orange_carpet":1,"minecraft:light_blue_wool":1,"minecraft:light_blue_carpet":1,"minecraft:lime_carpet":1,"minecraft:white_carpet":1,"minecraft:pink_carpet":1,"minecraft:orange_wool":1,"minecraft:magenta_wool":1,"minecraft:white_wool":1,"minecraft:yellow_carpet":1,"minecraft:red_carpet":1,"minecraft:stick":1}},"DataVersion":1976}